n_positives	tst_fold	pos_age_group	sex	y_true	sample_probability	run
45	1	infant	female	False	0.0014828667258843867	GSM401109
45	1	infant	female	False	0.0004793107718570405	GSM401110
45	1	infant	female	False	0.0005080935620768354	GSM401111
45	1	infant	female	False	0.0005361083327970741	GSM401112
45	1	infant	female	False	0.0007083491020877608	GSM401113
45	1	infant	female	False	0.0020031489249834403	GSM401114
45	1	infant	female	False	0.00014845161126952574	GSM401115
45	1	infant	female	False	0.000463454210679575	GSM401116
45	1	infant	female	False	0.00040897475744096985	GSM401117
45	1	infant	female	False	0.00040712319960307437	GSM401118
45	1	infant	female	False	0.00416549084872913	GSM401119
45	1	infant	female	False	0.006499329599035931	GSM401120
45	1	infant	female	False	0.004833880887973101	GSM401121
45	1	infant	female	False	0.0051562460703587125	GSM401122
45	1	infant	female	False	0.006416649479606749	GSM401123
45	1	infant	female	False	0.0009351979088260637	GSM401124
45	1	infant	female	False	0.0007054748953727348	GSM401125
45	1	infant	female	False	0.0009672549254905319	GSM401126
45	1	infant	female	False	0.0021582649699083334	GSM401127
45	1	infant	female	False	0.001340253743070562	GSM401128
45	1	infant	female	False	0.0008714646823929564	GSM401129
45	1	infant	female	False	0.0004829114292519443	GSM401130
45	1	infant	female	False	0.0011833158951033353	GSM401131
45	1	infant	female	False	0.0007621663580188994	GSM401132
45	1	infant	female	False	0.0011229005113744593	GSM401133
45	1	infant	female	False	0.0003651618855477186	GSM401134
45	1	infant	female	False	0.0002631123206816201	GSM401135
45	1	infant	female	False	0.0007802662303492073	GSM401136
45	1	infant	female	False	0.0003603709499517613	GSM401137
45	1	infant	female	False	0.0005540027933049725	GSM401138
45	1	infant	female	False	0.00017906246343764057	GSM401139
45	1	infant	female	False	0.00031760939990754875	GSM401140
45	1	infant	female	False	0.0009530926392123839	GSM401141
45	1	infant	female	False	0.000708952354312359	GSM401142
45	1	infant	female	False	0.00034371854854977604	GSM401143
45	1	infant	female	False	0.0003031869848958171	GSM401144
45	1	infant	female	False	0.0004737870558419914	GSM401145
45	1	infant	female	False	0.0007365337960929082	GSM401146
45	1	infant	female	False	0.0007469340103754077	GSM401147
45	1	infant	female	False	0.0026932026201488745	GSM401148
45	1	infant	female	False	0.00032508981407038443	GSM401149
45	1	infant	female	False	0.0004586154648278189	GSM401150
45	1	infant	female	False	0.0004769138312210746	GSM401151
45	1	infant	female	False	0.0002781277234067534	GSM401152
45	1	infant	female	False	0.000284203734075725	GSM401153
45	1	infant	female	False	0.0002709693771835166	GSM401154
45	1	infant	female	False	0.00029614603561127555	GSM401155
45	1	infant	female	False	0.0006779307170115255	GSM401156
45	1	infant	female	False	9.786637934354128e-05	GSM401157
45	1	infant	female	False	0.0004564916285041373	GSM401158
45	1	infant	female	False	0.000318194614471701	GSM401159
45	1	infant	female	False	0.0004922855195782802	GSM401160
45	1	infant	female	False	0.00019657750269329216	GSM401161
45	1	infant	female	False	0.0007130624351726453	GSM401162
45	1	infant	female	False	0.0009153991018087502	GSM401163
45	1	infant	female	False	0.00042625900866551445	GSM401164
45	1	infant	female	False	0.0013811897950416537	GSM401165
45	1	infant	female	False	0.0007039872979063499	GSM401166
45	1	infant	female	False	0.0009742449424465028	GSM401167
45	1	infant	female	False	2.6807858375400425e-05	GSM892518
45	1	infant	female	False	2.737729349209896e-05	GSM892525
45	1	infant	female	False	1.2451708573978006e-05	GSM892527
45	1	infant	female	False	7.3395089853453435e-06	GSM892530
45	1	infant	female	False	2.258473188955071e-06	GSM892533
45	1	infant	female	False	2.2628962707811886e-06	GSM892534
45	1	infant	female	False	0.00010452559796188943	GSM892538
45	1	infant	female	False	4.023403905112169e-05	GSM892539
45	1	infant	female	False	9.260115842084403e-05	GSM892542
45	1	infant	female	False	8.341280995429516e-05	GSM892544
45	1	infant	female	False	0.00013851776086965564	GSM892550
45	1	infant	female	False	1.1427606797004893e-05	GSM892551
45	1	infant	female	False	3.2285780818063147e-06	GSM892553
45	1	infant	female	False	5.595383079664276e-05	GSM892565
45	1	infant	female	False	4.8057254510400355e-05	GSM892566
45	1	infant	female	False	2.755497412653975e-05	GSM892569
45	1	infant	female	False	7.284187193282286e-06	GSM892572
45	1	infant	female	False	5.770035397163468e-05	GSM892576
45	1	infant	female	False	1.0456081131528632e-05	GSM892584
45	1	infant	female	False	0.00022514995002133038	GSM892586
45	1	infant	female	False	5.659995815249896e-06	GSM892587
45	1	infant	female	False	1.212967367805749e-05	GSM892592
45	1	infant	female	False	3.10997401816465e-05	GSM892596
45	1	infant	female	False	0.00015102389099160146	GSM892605
45	1	infant	female	False	1.6743950223776253e-05	GSM892608
45	1	infant	female	True	0.9959445197290907	GSM485250
45	1	infant	female	True	0.9646926810919979	GSM485252
45	1	infant	female	True	0.989553029819359	GSM485254
45	1	infant	female	True	0.9950063451824741	GSM485255
45	1	infant	female	True	0.9955270280198334	GSM485258
45	1	infant	female	True	0.98281238487988	GSM485259
45	1	infant	female	True	0.9993774130574355	GSM485261
45	1	infant	female	True	0.9698948498047868	GSM485262
45	1	infant	female	True	0.9945911471995984	GSM485263
45	1	infant	female	True	0.9897754711531824	GSM485265
45	1	infant	female	True	0.9944144930999235	GSM485267
45	1	infant	female	True	0.9832513905956644	GSM485269
45	1	infant	female	True	0.9966956626164472	GSM485270
45	1	infant	female	True	0.9980615167758345	GSM485271
45	1	infant	female	True	0.9973250720238345	GSM485280
45	1	infant	female	True	0.9875440339960126	GSM485281
45	1	infant	female	True	0.9514380840559656	GSM485283
45	1	infant	female	True	0.997670845681679	GSM485284
45	1	infant	female	True	0.9888453354369339	GSM485287
45	1	infant	female	True	0.996654811420197	GSM485288
45	1	infant	female	True	0.9960331264996223	GSM485289
45	1	infant	female	True	0.9947583197557985	GSM485292
45	1	infant	female	True	0.9909720560674379	GSM485294
45	1	infant	female	True	0.9965942975898358	GSM485296
45	1	infant	female	True	0.9960463743918271	GSM485300
45	1	infant	female	True	0.9755660294216167	GSM485301
45	1	infant	female	True	0.9671768269139376	GSM485302
45	1	infant	female	True	0.984098931319492	GSM485303
45	1	infant	female	True	0.9927467146486233	GSM485305
45	1	infant	female	True	0.9894782469717586	GSM485307
45	1	infant	female	True	0.19165075195292158	GSM485309
45	1	infant	female	True	0.9943982201548744	GSM485310
45	1	infant	female	True	0.998645757425777	GSM485321
45	1	infant	female	True	0.9728024199715531	GSM485322
45	1	infant	female	False	0.00026253158362474536	GSM909644
45	1	infant	female	False	0.00015998801706178055	GSM909646
45	1	infant	female	False	0.0006504176418024953	GSM909648
45	1	infant	female	False	8.483186463351054e-05	GSM909651
45	1	infant	female	False	0.00010221436945128758	GSM909653
45	1	infant	female	False	2.001083087079322e-05	GSM909655
45	1	infant	female	False	0.00040773355015807396	GSM909661
45	1	infant	female	False	0.0007818825825771772	GSM909664
45	1	infant	female	False	0.0011447728109426369	GSM909665
45	1	infant	female	False	0.0001470175440121021	GSM909667
45	1	infant	female	False	0.00014278104146433435	GSM909668
45	1	infant	female	False	4.369733084791928e-05	GSM909673
45	1	infant	female	False	0.00019164315734437177	GSM909676
45	1	infant	female	False	5.4751482659353604e-05	GSM909677
45	1	infant	female	False	0.00042043912088871347	GSM909678
45	1	infant	female	False	0.004661367818298021	GSM909684
45	1	infant	female	False	0.0006531889707062522	GSM909685
45	1	infant	female	False	3.774297017202503e-05	GSM909687
45	1	infant	female	False	3.2737742255616374e-05	GSM909690
45	1	infant	female	False	5.91066517549868e-05	GSM909697
45	1	infant	female	False	0.0003556359742478036	GSM909699
45	1	infant	female	False	0.03835692474545254	GSM909715
45	1	infant	female	False	0.0003004265086800449	GSM909719
45	1	infant	female	False	0.00010365967316882852	GSM909720
45	1	infant	female	False	0.00011400215814022102	GSM909721
45	1	infant	female	False	9.636941312872964e-05	GSM909732
45	1	infant	female	False	0.00012465766004052253	GSM909733
45	1	infant	female	False	0.0003096009875391034	GSM909734
45	1	infant	female	False	0.00019972373697059687	GSM909735
45	1	infant	female	False	0.0013740859251007685	GSM909740
45	1	infant	female	False	0.00028317473484552256	GSM909741
45	1	infant	female	False	0.0011698011757360605	GSM909742
45	1	infant	female	False	0.0007065773558604816	GSM909743
45	1	infant	female	False	0.003813097722181261	GSM909744
45	1	infant	female	False	0.00011788172068073006	GSM909745
45	1	infant	female	False	0.00019951758992528917	GSM909746
45	1	infant	female	False	0.00024685951153524265	GSM909747
45	1	infant	female	False	0.00029866981590440995	GSM909748
45	1	infant	female	False	0.0003372489289985542	GSM909765
45	1	infant	female	False	3.040944203199111e-05	GSM909767
45	1	infant	female	True	0.00118259285997	GSM909776
45	1	infant	female	True	1.9812614894235805e-05	GSM909777
45	1	infant	female	True	0.011431019016844608	GSM909785
45	1	infant	female	False	0.0001896304070353546	GSM909786
45	1	infant	female	False	9.418232609874986e-05	GSM909787
45	1	infant	female	False	0.00010334542059286957	GSM909788
45	1	infant	female	False	4.706235935849451e-05	GSM909789
45	1	infant	female	False	0.0002206563094267842	GSM909794
45	1	infant	female	False	0.00039786212003706624	GSM909796
45	1	infant	female	False	0.000347801669730905	GSM909797
45	1	infant	female	False	0.00014600535440503475	GSM909799
45	1	infant	female	False	0.024521478497328327	GSM909805
45	1	infant	female	False	0.00012889093056908627	GSM909811
45	1	infant	female	False	0.00017990665671676085	GSM909814
45	1	infant	female	False	0.0002650728953228299	GSM909831
45	1	infant	female	False	0.00011064875653944134	GSM909832
45	1	infant	female	False	0.00014323119709868135	GSM909833
45	1	infant	female	False	0.00020139138484743076	GSM909862
45	1	infant	female	False	3.503669426972756e-05	GSM909863
45	1	infant	female	False	5.5257025901950604e-05	GSM909864
45	1	infant	female	False	1.51372847705425e-05	GSM909866
45	1	infant	female	False	0.00010091028867445867	GSM909867
45	1	infant	female	False	4.638707807659186e-05	GSM909868
45	1	infant	female	False	3.520161692734663e-05	GSM909872
45	1	infant	female	False	0.0134807487697359	GSM909875
45	1	infant	female	False	0.002701565672885122	GSM909876
45	1	infant	female	False	0.0009480981908861187	GSM909877
45	1	infant	female	False	7.871398645341767e-05	GSM909878
45	1	infant	female	False	0.0031236671727024857	GSM909885
45	1	infant	female	False	0.000933305073023406	GSM909896
45	1	infant	female	False	0.0009746234388535291	GSM909897
45	1	infant	female	False	0.0006006129528268563	GSM909898
45	1	infant	female	False	0.0002842730168529451	GSM909899
45	1	infant	female	False	0.0005094040158859489	GSM909900
45	1	infant	female	False	0.00013027615855262776	GSM909901
45	1	infant	female	False	0.00029039216808427154	GSM909905
45	1	infant	female	False	0.0002458368638806823	GSM909906
45	1	infant	female	False	4.1059862340218744e-05	GSM909908
45	1	infant	female	False	0.00012077338477750695	GSM909909
45	1	infant	female	False	0.00011619921957159844	GSM909910
45	1	infant	female	False	0.00029040316368793273	GSM909911
45	1	infant	female	False	0.0004510254508218486	GSM909920
45	1	infant	female	False	4.987639202378208e-05	GSM909938
45	1	infant	female	False	4.878430837583463e-05	GSM909939
45	1	infant	female	False	0.00014774998298765964	GSM909940
45	1	infant	female	False	0.0005169852735513971	GSM909945
45	1	infant	female	False	0.0028407717584136853	GSM909949
45	1	infant	female	False	0.0014612498305539132	GSM909955
45	1	infant	female	False	9.998177105737401e-05	GSM909966
45	1	infant	female	False	0.00021317598376659465	GSM909967
45	1	infant	female	False	0.00018893263678520714	GSM909968
45	1	infant	female	False	0.0001967375246533583	GSM909979
45	1	infant	female	False	8.061187527187373e-05	GSM909980
45	1	infant	female	True	0.00040141815191500706	GSM909983
45	1	infant	female	False	0.0001123293871112044	GSM909987
45	1	infant	female	False	0.0004155311932704631	GSM909988
45	1	infant	female	False	6.985908228560759e-05	GSM909993
45	1	infant	female	False	0.0008679746705783849	GSM909994
45	1	infant	female	False	0.0003346027447697926	GSM909995
45	1	infant	female	False	0.0008240909498805032	GSM910004
45	1	infant	female	False	0.0003496663540934695	GSM910005
45	1	infant	female	False	0.0011433983272723391	GSM910019
45	1	infant	female	False	9.277877436383666e-05	GSM910026
45	1	infant	female	False	0.00021153296496270277	GSM910027
45	1	infant	female	False	0.0003865478732412314	GSM910028
45	1	infant	female	False	0.00483280472849657	GSM910029
45	1	infant	female	False	0.00017610177187971389	GSM910030
45	1	infant	female	True	0.0038310059717299324	GSM910039
45	1	infant	female	True	0.007925354944417642	GSM910040
45	1	infant	female	True	0.0014052375076636595	GSM910041
45	1	infant	female	False	7.08482224957203e-05	GSM910043
45	1	infant	female	False	0.0027367541877558656	GSM910044
45	1	infant	female	False	0.0006990170652077433	GSM910045
45	1	infant	female	True	0.005742536157884732	GSM910049
45	1	infant	female	True	0.001116075765979381	GSM910050
45	1	infant	female	True	0.0005811302944126087	GSM910051
45	1	infant	female	True	0.0002655573106672886	GSM910052
45	1	infant	female	False	4.027366225881366e-05	GSM910067
45	1	infant	female	False	0.0016221108380153326	GSM910068
45	1	infant	female	False	9.612224624664872e-05	GSM910069
45	1	infant	female	False	0.00011835229362075353	GSM910070
45	1	infant	female	False	0.0073873644486958275	GSM910071
26	2	infant	female	False	0.026107022440594718	GSM648592
26	2	infant	female	True	0.11989577846791372	GSM648593
26	2	infant	female	True	0.29743427526853766	GSM648594
26	2	infant	female	True	0.007470746179766945	GSM648595
26	2	infant	female	False	0.0073683548971789645	GSM648596
26	2	infant	female	True	0.01877785144300192	GSM648600
26	2	infant	female	False	0.024309102779896185	GSM648601
26	2	infant	female	True	0.03630152143383036	GSM648602
26	2	infant	female	True	0.21773820111718464	GSM648603
26	2	infant	female	True	0.14367103855100863	GSM648606
26	2	infant	female	False	0.0015577561251581453	GSM648608
26	2	infant	female	False	0.011149682244267312	GSM648609
26	2	infant	female	False	0.2707587914873159	GSM648612
26	2	infant	female	True	0.3013440497583711	GSM648613
26	2	infant	female	False	0.11943351197459877	GSM648616
26	2	infant	female	False	0.009894650055458584	GSM648617
26	2	infant	female	True	0.020022380263659854	GSM648621
26	2	infant	female	True	0.1505842713936469	GSM648622
26	2	infant	female	False	0.005860153619525257	GSM648624
26	2	infant	female	False	0.4358199209333794	GSM648626
26	2	infant	female	False	0.1079599899781972	GSM648627
26	2	infant	female	False	0.0009639793876161542	GSM648634
26	2	infant	female	False	0.01396467847624448	GSM648642
26	2	infant	female	True	0.3924636903378356	GSM648645
26	2	infant	female	False	0.12972112400129993	GSM648648
26	2	infant	female	False	0.03876837544412926	GSM648651
26	2	infant	female	False	0.01538489088278503	GSM648653
26	2	infant	female	True	0.10994663530059617	GSM648655
26	2	infant	female	False	0.062474607061002836	GSM648659
26	2	infant	female	True	0.04179665850231713	GSM648661
26	2	infant	female	False	0.0028944116396082305	GSM648662
26	2	infant	female	True	0.022191394615057525	GSM648663
26	2	infant	female	True	0.060196801086808846	GSM648664
26	2	infant	female	False	0.07723502784272497	GSM648673
26	2	infant	female	False	0.05743338546351096	GSM648676
26	2	infant	female	False	0.12276073594611212	GSM648680
26	2	infant	female	True	0.004469934962416186	GSM648683
26	2	infant	female	False	0.003259421768882071	GSM648684
26	2	infant	female	True	0.10664335782366297	GSM648685
26	2	infant	female	False	0.09689766099596418	GSM648688
26	2	infant	female	True	0.014628634003698232	GSM648689
26	2	infant	female	True	0.16626902292674783	GSM648690
26	2	infant	female	False	0.204953731985944	GSM648697
26	2	infant	female	True	0.08713222811076338	GSM648699
26	2	infant	female	True	0.058364395978117226	GSM648700
26	2	infant	female	False	0.005616454728025775	GSM648701
26	2	infant	female	True	0.0024469275439500883	GSM648702
26	2	infant	female	True	0.007876169375738226	GSM648706
26	2	infant	female	False	0.10521339389353505	GSM648710
26	2	infant	female	True	0.5410926568236073	GSM648711
26	2	infant	female	True	0.0008040351218297493	GSM648713
26	2	infant	female	True	0.056584461375964346	GSM648714
26	2	infant	female	False	0.015849311141276676	GSM901397
26	2	infant	female	False	0.0024577865087433625	GSM901398
26	2	infant	female	False	0.0009812900584322735	GSM901399
26	2	infant	female	False	0.003795362126702919	GSM901400
26	2	infant	female	False	0.0009046869849442737	GSM901406
26	2	infant	female	False	0.00848305905039691	GSM901407
26	2	infant	female	False	0.002468350275289697	GSM901408
26	2	infant	female	False	0.007602994475920918	GSM901409
26	2	infant	female	False	0.0007488823320256869	GSM901410
26	2	infant	female	False	0.0019996637027163283	GSM901411
26	2	infant	female	False	0.09725787325477402	GSM901439
26	2	infant	female	False	0.026335751507607523	GSM901440
26	2	infant	female	False	0.030911026811100445	GSM901441
26	2	infant	female	False	0.007686045278810848	GSM901442
26	2	infant	female	False	0.004550542341403242	GSM901443
26	2	infant	female	False	0.011001291943880873	GSM901444
26	2	infant	female	False	0.006493242470904635	GSM901445
26	2	infant	female	False	0.02309177489832228	GSM901453
26	2	infant	female	False	0.0029889157041863837	GSM901454
26	2	infant	female	False	0.01074126957585381	GSM901461
26	2	infant	female	False	0.007671546962105514	GSM901462
26	2	infant	female	False	0.006360900241024627	GSM901463
26	2	infant	female	False	0.020592831600186698	GSM901464
26	2	infant	female	False	0.010463957199058438	GSM901488
26	2	infant	female	False	0.011641270413891382	GSM901489
26	2	infant	female	False	0.01580131476176555	GSM901490
26	2	infant	female	False	0.0352668368558311	GSM901491
26	2	infant	female	False	0.0026852711588941443	GSM901492
26	2	infant	female	False	0.0006767996283827953	GSM901493
26	2	infant	female	False	0.002751803204554489	GSM901494
26	2	infant	female	False	0.0019224378112819886	GSM901495
26	2	infant	female	False	0.00910549564584049	GSM901496
26	2	infant	female	False	0.009734744308316515	GSM901497
26	2	infant	female	False	0.0027324864948982622	GSM901506
26	2	infant	female	False	0.007517647683012005	GSM901507
26	2	infant	female	False	0.02240086194431226	GSM901508
26	2	infant	female	False	0.007594935196810715	GSM901509
26	2	infant	female	False	0.002203822717613111	GSM901517
26	2	infant	female	False	0.002587438008765328	GSM901518
26	2	infant	female	False	0.0012484215127927898	GSM901519
26	2	infant	female	False	0.0007766173047313496	GSM901520
26	2	infant	female	False	0.002638682044143214	GSM901521
26	2	infant	female	False	0.0007230596654960829	GSM901528
26	2	infant	female	False	0.0014365135974681118	GSM901529
26	2	infant	female	False	0.0038211746248749683	GSM901530
26	2	infant	female	False	0.0061292925245999014	GSM901531
26	2	infant	female	False	0.00437152512150793	GSM901532
26	2	infant	female	False	0.0028759573362064327	GSM901533
26	2	infant	female	False	0.001370544333250089	GSM901534
26	2	infant	female	False	0.0035768099392341915	GSM901535
26	2	infant	female	False	0.0002796317684905633	GSM901536
26	2	infant	female	False	0.011284510605000422	GSM901563
26	2	infant	female	False	0.029666942572970832	GSM901564
26	2	infant	female	False	0.004188944696128232	GSM901565
26	2	infant	female	False	0.0069795642919303	GSM901566
26	2	infant	female	False	0.00934262749116678	GSM901567
26	2	infant	female	False	0.011875870927027818	GSM901568
26	2	infant	female	False	0.004577605488758693	GSM901569
26	2	infant	female	False	0.004385195376123565	GSM901570
26	2	infant	female	False	0.034248376909295816	GSM901571
26	2	infant	female	False	0.0003894590573235612	GSM901590
26	2	infant	female	False	0.0013843526617149597	GSM901591
26	2	infant	female	False	0.0009181478602051104	GSM901592
26	2	infant	female	False	0.002753130427300325	GSM901593
26	2	infant	female	False	0.02876328309725609	GSM901596
26	2	infant	female	False	0.0025786932087323955	GSM901597
26	2	infant	female	False	0.00311723213918118	GSM901598
26	2	infant	female	False	0.004794557297957432	GSM901599
26	2	infant	female	False	0.021294547027312573	GSM901600
26	2	infant	female	False	0.014012743023105555	GSM901601
26	2	infant	female	False	0.0011298955627415267	GSM901607
26	2	infant	female	False	0.0038146463708712873	GSM901608
26	2	infant	female	False	9.304053766111729e-05	GSM901609
26	2	infant	female	False	0.002072205414389632	GSM901610
26	2	infant	female	False	0.0048353721864696315	GSM901611
26	2	infant	female	False	0.010424870859682024	GSM901612
26	2	infant	female	False	0.00017392614351743147	GSM901613
26	2	infant	female	False	0.0014289773085871247	GSM901614
26	2	infant	female	False	0.0034989104292151886	GSM901615
26	2	infant	female	False	0.0039575365908700675	GSM901620
26	2	infant	female	False	0.0016369079993774438	GSM901621
26	2	infant	female	False	0.009844807996212061	GSM901622
26	2	infant	female	False	0.0044683628715028656	GSM901625
26	2	infant	female	False	0.002986556595293838	GSM901626
26	2	infant	female	False	0.015933969786750195	GSM901628
26	2	infant	female	False	0.017271711075023635	GSM901629
26	2	infant	female	False	0.0029367572890409165	GSM901646
26	2	infant	female	False	0.00751069877721549	GSM901647
26	2	infant	female	False	0.001060324169714082	GSM901648
26	2	infant	female	False	0.0019600441466387196	GSM901649
26	2	infant	female	False	0.008182251190755172	GSM901650
26	2	infant	female	False	0.005090080237394782	GSM901651
26	2	infant	female	False	0.0641306596160058	GSM901671
26	2	infant	female	False	0.00767167234143328	GSM901672
26	2	infant	female	False	0.0029313175239972446	GSM901673
26	2	infant	female	False	0.009764230925674303	GSM901674
26	2	infant	female	False	0.006150958208511176	GSM901675
26	2	infant	female	False	0.007965671064462165	GSM901676
26	2	infant	female	False	0.019941460171676455	GSM901677
26	2	infant	female	False	0.0021779432729344254	GSM901682
26	2	infant	female	False	0.05684429293046253	GSM901704
26	2	infant	female	False	0.02466019547247298	GSM901705
26	2	infant	female	False	0.004741038478751771	GSM901706
26	2	infant	female	False	0.018876829863334322	GSM901707
26	2	infant	female	False	0.010672741081938834	GSM901708
26	2	infant	female	False	0.01050610692654678	GSM901709
26	2	infant	female	False	0.028091142045316417	GSM901710
26	2	infant	female	False	0.004350230007134827	GSM901715
26	2	infant	female	False	0.013622810066689256	GSM901716
26	2	infant	female	False	0.015428607607942131	GSM901735
26	2	infant	female	False	0.01518533141759461	GSM901736
26	2	infant	female	False	0.01912549874476176	GSM901737
26	2	infant	female	False	0.0071152082202944385	GSM901738
26	2	infant	female	False	0.01379025786960817	GSM901739
26	2	infant	female	False	0.0059540531935152515	GSM901740
26	2	infant	female	False	0.00919974409332453	GSM901741
26	2	infant	female	False	0.008267083660889893	GSM901779
26	2	infant	female	False	0.0019806618701568223	GSM901780
26	2	infant	female	False	0.010109375383998115	GSM901781
26	2	infant	female	False	0.005029878256134811	GSM901782
26	2	infant	female	False	0.012409931676744985	GSM901783
26	2	infant	female	False	0.012379965790945966	GSM901784
26	2	infant	female	False	0.0026217677364595896	GSM901785
26	2	infant	female	False	0.00711810206220908	GSM901786
26	2	infant	female	False	0.0008664567266833776	GSM901787
26	2	infant	female	False	0.001558421588745521	GSM901788
26	2	infant	female	False	0.000442676386239469	GSM901789
26	2	infant	female	False	0.0012787164348228687	GSM901790
26	2	infant	female	False	0.0008057865308064625	GSM901795
26	2	infant	female	False	0.0005073640557856712	GSM901796
26	2	infant	female	False	0.000620618754693536	GSM901797
26	2	infant	female	False	0.0014866210744588616	GSM901798
26	2	infant	female	False	0.0012225640631164075	GSM901799
26	2	infant	female	False	0.0044870358711807225	GSM901802
26	2	infant	female	False	0.004728929923425547	GSM901811
26	2	infant	female	False	0.002125904023474837	GSM901812
26	2	infant	female	False	0.0006089057639041029	GSM901813
26	2	infant	female	False	0.0021214681442403745	GSM901814
26	2	infant	female	False	0.0010709091361686834	GSM901815
26	2	infant	female	False	0.017399399995862954	GSM901822
26	2	infant	female	False	0.0031197958100282665	GSM901823
26	2	infant	female	False	0.0518180450739463	GSM901824
26	2	infant	female	False	0.011037576382392335	GSM901825
26	2	infant	female	False	0.013138397768445194	GSM901826
26	2	infant	female	False	0.02622779381958504	GSM901828
26	2	infant	female	False	0.009023371607561823	GSM901829
26	2	infant	female	False	0.0011353021680783708	GSM901830
26	2	infant	female	False	0.0053911482243556436	GSM901831
26	2	infant	female	False	0.005730744049417439	GSM901832
26	2	infant	female	False	0.011248019301478243	GSM901833
26	2	infant	female	False	0.0022215641570882817	GSM901861
26	2	infant	female	False	0.0028944935618532277	GSM901862
26	2	infant	female	False	0.0002688941563478981	GSM901863
26	2	infant	female	False	0.00567872198434342	GSM901864
26	2	infant	female	False	0.0075061454881102194	GSM901865
26	2	infant	female	False	0.0038540069518244765	GSM901866
26	2	infant	female	False	0.034728738070880845	GSM901867
26	2	infant	female	False	0.003844083438580689	GSM901868
26	2	infant	female	False	0.018890103765768034	GSM901869
26	2	infant	female	False	0.02678169570692742	GSM901870
26	2	infant	female	False	0.02568196865242476	GSM901871
26	2	infant	female	False	0.007667294761262907	GSM901872
26	2	infant	female	False	0.011172420289174805	GSM901873
26	2	infant	female	False	0.004470776876897933	GSM901874
26	2	infant	female	False	0.00016116321264740896	GSM901875
26	2	infant	female	False	0.0002680319416583111	GSM901876
26	2	infant	female	False	0.015659281251416912	GSM901886
26	2	infant	female	False	0.0073273699986256	GSM901887
26	2	infant	female	False	0.027943066451213108	GSM901888
26	2	infant	female	False	0.006442725546493457	GSM901889
26	2	infant	female	False	0.01520931166666476	GSM901890
26	2	infant	female	False	0.009822035362152601	GSM901891
26	2	infant	female	False	0.00805756519977548	GSM901892
26	2	infant	female	False	0.017630571334044682	GSM901893
26	2	infant	female	False	0.018770025349212047	GSM901894
26	2	infant	female	False	0.010376108099754032	GSM901895
26	2	infant	female	False	0.005447339733617586	GSM901896
26	2	infant	female	False	0.00431268288584076	GSM901922
26	2	infant	female	False	0.010027040084607804	GSM901923
26	2	infant	female	False	0.005678684153663944	GSM901924
26	2	infant	female	False	0.007257402406895081	GSM901925
26	2	infant	female	False	0.0007007756871421906	GSM901926
26	2	infant	female	False	0.005744579410715362	GSM901927
26	2	infant	female	False	0.01548569624215348	GSM901928
26	2	infant	female	False	0.00910053078060706	GSM901929
26	2	infant	female	False	0.007133358208538859	GSM901930
26	2	infant	female	False	0.007104296970028737	GSM901945
26	2	infant	female	False	0.004592856740173041	GSM901946
26	2	infant	female	False	0.014097318738573872	GSM901947
26	2	infant	female	False	0.006009755228572711	GSM901948
26	2	infant	female	False	0.0008817125032292358	GSM901949
26	2	infant	female	False	0.007935251249876839	GSM901950
26	2	infant	female	False	0.0016019685030840946	GSM901951
26	2	infant	female	False	0.0013971779606662487	GSM901968
26	2	infant	female	False	0.004244793339342962	GSM901969
26	2	infant	female	False	0.0006758463424110212	GSM901970
26	2	infant	female	False	0.00108071973675685	GSM901971
26	2	infant	female	False	0.0005754682788259941	GSM901975
26	2	infant	female	False	0.002355243832682747	GSM901976
26	2	infant	female	False	0.00989869070987027	GSM901977
26	2	infant	female	False	0.01327055874016549	GSM901978
26	2	infant	female	False	0.0058007824924818695	GSM901979
26	2	infant	female	False	0.03932665677011219	GSM901980
26	2	infant	female	False	0.008774699352159512	GSM901981
26	2	infant	female	False	0.007070833405135263	GSM901982
26	2	infant	female	False	0.020693581545904633	GSM901983
26	2	infant	female	False	0.029888604334749252	GSM901984
26	2	infant	female	False	0.032908601278353405	GSM901985
26	2	infant	female	False	0.03936570513407562	GSM901986
26	2	infant	female	False	0.0012982355266880042	GSM901987
26	2	infant	female	False	0.0010948547555855183	GSM901988
26	2	infant	female	False	0.0022353930533943684	GSM902003
26	2	infant	female	False	0.01422937869570519	GSM902004
26	2	infant	female	False	0.014082542733903958	GSM902005
26	2	infant	female	False	0.010959003193269444	GSM902006
26	2	infant	female	False	0.010836505466011934	GSM902007
26	2	infant	female	False	0.0011282024481296118	GSM902008
26	2	infant	female	False	0.0024272390908767366	GSM902009
26	2	infant	female	False	0.0008881204712737134	GSM902015
26	2	infant	female	False	0.0005102082379570878	GSM902016
26	2	infant	female	False	0.0003329291016793041	GSM902017
26	2	infant	female	False	0.0011223647272982004	GSM902018
26	2	infant	female	False	0.0015027290882258036	GSM902019
26	2	infant	female	False	0.0025334992154183167	GSM902020
26	2	infant	female	False	0.0015403412737069026	GSM902021
26	2	infant	female	False	0.0023747761408556512	GSM902022
26	2	infant	female	False	9.404084348198345e-05	GSM902023
26	2	infant	female	False	0.024424606216749235	GSM902031
26	2	infant	female	False	0.010604868142617596	GSM902032
26	2	infant	female	False	0.0007985169262062901	GSM902033
26	2	infant	female	False	0.006652154406114547	GSM902034
26	2	infant	female	False	0.0034419535881161233	GSM902035
26	2	infant	female	False	0.005879939681469787	GSM902036
26	2	infant	female	False	0.005418827515705253	GSM902061
26	2	infant	female	False	0.0017214834474043557	GSM902079
26	2	infant	female	False	0.09437309292318377	GSM902080
26	2	infant	female	False	0.01318662921107774	GSM902081
26	2	infant	female	False	0.004479721345174491	GSM902082
26	2	infant	female	False	0.0028585491740152937	GSM902083
26	2	infant	female	False	0.0046891579358226115	GSM902084
26	2	infant	female	False	0.002816289188479688	GSM902085
26	2	infant	female	False	0.004875288825512091	GSM902086
26	2	infant	female	False	0.003065786983148752	GSM902091
26	2	infant	female	False	0.04414474223190469	GSM902092
26	2	infant	female	False	0.005577054508357295	GSM902093
26	2	infant	female	False	0.009829007760114809	GSM902094
26	2	infant	female	False	0.003182897590721842	GSM902095
26	2	infant	female	False	0.0021714911228386	GSM902096
26	2	infant	female	False	0.0255433333689734	GSM902115
26	2	infant	female	False	0.02642773170218269	GSM902116
26	2	infant	female	False	0.002208768931310745	GSM902117
26	2	infant	female	False	0.0022626102931527932	GSM902118
26	2	infant	female	False	0.0032692569415057955	GSM902119
26	2	infant	female	False	0.03625762621962523	GSM902120
26	2	infant	female	False	0.03609078786799372	GSM902121
26	2	infant	female	False	0.0203845423416008	GSM902122
26	2	infant	female	False	0.007329324924909371	GSM902123
26	2	infant	female	False	0.017998310463740324	GSM902124
26	2	infant	female	False	0.015381774335023425	GSM902125
26	2	infant	female	False	0.0043387229446896	GSM902134
26	2	infant	female	False	0.00710765975341961	GSM902135
26	2	infant	female	False	0.002537019132878065	GSM902136
26	2	infant	female	False	0.006834418068186554	GSM902137
26	2	infant	female	False	0.0038968425840139485	GSM902138
26	2	infant	female	False	0.012355779676795336	GSM902139
26	2	infant	female	False	0.006487581915163346	GSM902148
26	2	infant	female	False	0.003381784760220081	GSM902149
26	2	infant	female	False	0.012854817552146508	GSM902150
26	2	infant	female	False	0.01844305270684139	GSM902162
26	2	infant	female	False	0.011763691732052634	GSM902163
26	2	infant	female	False	0.0021510186144367647	GSM902164
26	2	infant	female	False	0.026235195830771024	GSM902165
26	2	infant	female	False	0.005576211751803401	GSM902166
26	2	infant	female	False	0.011026554648868307	GSM902167
26	2	infant	female	False	0.0018211387663965304	GSM902168
26	2	infant	female	False	0.003496017779979739	GSM902169
26	2	infant	female	False	0.002740364254648682	GSM472038
26	2	infant	female	False	0.00024787406282085527	GSM472053
26	2	infant	female	False	0.003981596894825336	GSM472061
26	2	infant	female	False	0.00265002554354816	GSM472062
26	2	infant	female	False	4.353378807072231e-05	GSM472065
26	2	infant	female	False	0.00014353520560311166	GSM472067
26	2	infant	female	False	1.7305982000332942e-05	GSM472070
26	2	infant	female	False	0.0007343654518798701	GSM472073
26	2	infant	female	False	0.00021107562324144274	GSM472075
26	2	infant	female	False	6.38091869149687e-05	GSM472076
26	2	infant	female	False	0.0006556787733413952	GSM472078
26	2	infant	female	False	0.0001459879336004727	GSM472081
26	2	infant	female	False	0.0006530151124546334	GSM472082
26	2	infant	female	False	2.127584017426154e-05	GSM472086
26	2	infant	female	False	0.0003956370417711161	GSM472093
26	2	infant	female	False	0.000669447398003927	GSM472100
26	2	infant	female	False	0.00018720664413063136	GSM472102
26	2	infant	female	False	0.002765224482217003	GSM472106
26	2	infant	female	False	0.00544232278751014	GSM472108
26	2	infant	female	False	0.008507695461599551	GSM472114
26	2	infant	female	False	0.0018078075718361254	GSM472120
26	2	infant	female	False	1.571412972593682e-05	GSM472132
26	2	infant	female	False	0.0003198985646157372	GSM472140
26	2	infant	female	False	0.0009055102955787999	GSM472144
26	2	infant	female	False	0.0007432327858305046	GSM472152
26	2	infant	female	False	0.00035512268767914126	GSM472153
26	2	infant	female	False	0.0001346440446181715	GSM472155
26	2	infant	female	False	5.987859321678506e-06	GSM472156
26	2	infant	female	False	0.0003427808504627926	GSM472162
26	2	infant	female	False	0.0003419652679140899	GSM472163
26	2	infant	female	False	0.0015463961621858537	GSM371373
26	2	infant	female	False	0.0014049335779093427	GSM371374
26	2	infant	female	False	0.005596158737112758	GSM371375
26	2	infant	female	False	0.0025336695144846377	GSM371376
26	2	infant	female	False	0.0023227378790972018	GSM371377
26	2	infant	female	False	0.006204382557848846	GSM371378
26	2	infant	female	False	0.0032350838989333116	GSM371379
26	2	infant	female	False	0.001815650200987409	GSM371380
26	2	infant	female	False	0.0018674620687878724	GSM371381
26	2	infant	female	False	0.0025955381909068074	GSM371382
26	2	infant	female	False	0.0021852654071701635	GSM371383
26	2	infant	female	False	0.002929837347590824	GSM371384
26	2	infant	female	False	0.004714418957562796	GSM371385
26	2	infant	female	False	0.0018258862499814783	GSM371386
26	2	infant	female	False	0.001950215413896112	GSM371387
26	2	infant	female	False	0.007709304997064658	GSM371388
26	2	infant	female	False	0.011739758853538717	GSM371389
26	2	infant	female	False	0.004755291441650629	GSM371390
26	2	infant	female	False	0.0028226489091531894	GSM371391
26	2	infant	female	False	0.003279190041006875	GSM371392
26	2	infant	female	False	0.0017133940896351882	GSM371393
26	2	infant	female	False	0.002299615148896141	GSM371394
26	2	infant	female	False	0.002372567389930713	GSM371401
26	2	infant	female	False	0.0021990027115661444	GSM371402
26	2	infant	female	False	0.00329139915217086	GSM371403
26	2	infant	female	False	0.001196264738317	GSM371404
26	2	infant	female	False	0.004190980773609601	GSM371405
26	2	infant	female	False	0.0027032897438261697	GSM371406
26	2	infant	female	False	0.0027569383808786854	GSM371407
26	2	infant	female	False	0.0030268777562662266	GSM371408
38	3	infant	female	True	0.7413856173895509	GSM647529
38	3	infant	female	True	0.592785905058961	GSM647530
38	3	infant	female	False	0.8772580793841557	GSM647532
38	3	infant	female	True	0.510638710744326	GSM647533
38	3	infant	female	False	0.006049256910784359	GSM647534
38	3	infant	female	False	0.008200897720427406	GSM647535
38	3	infant	female	False	0.06712944871652243	GSM647538
38	3	infant	female	False	0.3263222276142975	GSM647544
38	3	infant	female	True	0.19188226603119474	GSM647561
38	3	infant	female	False	0.11394125984293223	GSM647563
38	3	infant	female	False	0.1955465347387726	GSM647564
38	3	infant	female	True	0.8688436092335007	GSM647567
38	3	infant	female	True	0.9506167267110139	GSM647569
38	3	infant	female	False	0.4564642640214517	GSM647572
38	3	infant	female	True	0.9489616058036844	GSM647573
38	3	infant	female	True	0.06302476697487526	GSM647575
38	3	infant	female	True	0.34922550512540135	GSM647576
38	3	infant	female	True	0.25515199704999625	GSM647579
38	3	infant	female	False	0.07440242004902052	GSM647582
38	3	infant	female	False	0.928705749799095	GSM647585
38	3	infant	female	False	0.00915868993686647	GSM647587
38	3	infant	female	False	0.2416564574270099	GSM647588
38	3	infant	female	False	0.031059390356038236	GSM647600
38	3	infant	female	False	0.007043370522846651	GSM647601
38	3	infant	female	False	0.11774447077787621	GSM647603
38	3	infant	female	False	0.08554540211141647	GSM647604
38	3	infant	female	False	0.24380864150884873	GSM647605
38	3	infant	female	True	0.42990365191981306	GSM647606
38	3	infant	female	True	0.6324298583330716	GSM647613
38	3	infant	female	False	0.016082573578532926	GSM647618
38	3	infant	female	False	0.05276507282530001	GSM647620
38	3	infant	female	False	0.11300228052179857	GSM647623
38	3	infant	female	False	0.25098102915910897	GSM647624
38	3	infant	female	False	0.05568430620034977	GSM647625
38	3	infant	female	False	0.0023860621518910583	GSM647627
38	3	infant	female	False	0.6576999745756716	GSM647629
38	3	infant	female	True	0.9883937611592352	GSM816393
38	3	infant	female	True	0.9928088740480933	GSM816396
38	3	infant	female	True	0.9925107879813336	GSM816398
38	3	infant	female	True	0.9733922807678682	GSM816399
38	3	infant	female	True	0.9997199323484085	GSM816401
38	3	infant	female	True	0.9769641543340541	GSM816402
38	3	infant	female	True	0.9868664934817788	GSM816403
38	3	infant	female	True	0.9892268236359731	GSM816405
38	3	infant	female	True	0.9911526641216192	GSM816407
38	3	infant	female	True	0.9708807695019371	GSM816408
38	3	infant	female	True	0.9970155536555281	GSM816410
38	3	infant	female	True	0.967093645442459	GSM816411
38	3	infant	female	True	0.9944597107471573	GSM816412
38	3	infant	female	True	0.985187717577958	GSM816413
38	3	infant	female	True	0.9942186820653451	GSM816415
38	3	infant	female	True	0.98106984565597	GSM816417
38	3	infant	female	True	0.9981352338186912	GSM816418
38	3	infant	female	True	0.9944102591563615	GSM816419
38	3	infant	female	True	0.9982117978661758	GSM816421
38	3	infant	female	True	0.9982109022404331	GSM816423
38	3	infant	female	True	0.9971163017053448	GSM816425
38	3	infant	female	True	0.9973091338120657	GSM816426
38	3	infant	female	True	0.998952253084408	GSM816429
38	3	infant	female	True	0.9949469647030759	GSM816432
38	3	infant	female	True	0.9881419350318669	GSM816433
38	3	infant	female	True	0.9946246775397312	GSM816434
38	3	infant	female	False	0.010333834188444966	GSM870902
38	3	infant	female	False	0.03805239946934896	GSM870905
38	3	infant	female	False	0.006200668599407666	GSM870906
38	3	infant	female	False	0.162613744194549	GSM870910
38	3	infant	female	False	0.05087114011040387	GSM870914
38	3	infant	female	False	0.016788895008615135	GSM870920
38	3	infant	female	False	0.01440666233892206	GSM870923
38	3	infant	female	False	0.02717771041672417	GSM870924
38	3	infant	female	False	0.047338245565401844	GSM870925
38	3	infant	female	False	0.025696647326101375	GSM870927
38	3	infant	female	False	0.03545695728733621	GSM870928
38	3	infant	female	False	0.019072388943561062	GSM870929
38	3	infant	female	False	0.0136502211904685	GSM870931
38	3	infant	female	False	0.014007318783549579	GSM870933
38	3	infant	female	False	0.019433359291089997	GSM870938
38	3	infant	female	False	0.0020646261049153554	GSM870940
38	3	infant	female	False	0.080808659603498	GSM870941
38	3	infant	female	False	0.08366487371138925	GSM870950
38	3	infant	female	False	0.042906551006544794	GSM870952
38	3	infant	female	False	0.025239106038434194	GSM870953
38	3	infant	female	False	0.010908980471529769	GSM870956
38	3	infant	female	False	0.053088136049119126	GSM870962
38	3	infant	female	False	0.11246198020763447	GSM870965
38	3	infant	female	False	0.019389037296774853	GSM870974
38	3	infant	female	False	0.013223488211874067	GSM870978
38	3	infant	female	False	0.008816360511968022	GSM870979
38	3	infant	female	False	0.011604636256382505	GSM870980
38	3	infant	female	False	0.0212022614087174	GSM870982
38	3	infant	female	False	0.025365096923363608	GSM870984
38	3	infant	female	False	0.027417660369262964	GSM870988
38	3	infant	female	False	0.017722769153873223	GSM870989
38	3	infant	female	False	0.005732497704628629	GSM870992
38	3	infant	female	False	0.010684755648824196	GSM870993
38	3	infant	female	False	0.018740502073313247	GSM870996
38	3	infant	female	False	0.0037243416802319163	GSM870997
38	3	infant	female	False	0.2166265787818023	GSM871000
38	3	infant	female	False	0.005540331460258454	GSM871003
38	3	infant	female	False	0.03109662297839578	GSM871004
38	3	infant	female	False	0.0061954035423834805	GSM871005
38	3	infant	female	False	0.011914796367141876	GSM871007
38	3	infant	female	False	0.0010596192081036928	GSM871008
38	3	infant	female	False	0.01414640935811996	GSM871010
38	3	infant	female	False	0.015219629945490164	GSM871015
38	3	infant	female	False	0.0657810456411019	GSM871017
38	3	infant	female	False	0.015960035567941327	GSM871018
38	3	infant	female	False	0.02678890046111741	GSM871019
38	3	infant	female	False	0.009254497036751904	GSM871020
38	3	infant	female	False	0.03448157167439143	GSM871022
38	3	infant	female	False	0.0012435697020396585	GSM871028
38	3	infant	female	False	0.028689441456558454	GSM871031
38	3	infant	female	False	0.02535487273080313	GSM955681
38	3	infant	female	False	0.003875086539699823	GSM955682
38	3	infant	female	False	0.01861640943885817	GSM955683
38	3	infant	female	False	0.008362018252177066	GSM955684
38	3	infant	female	False	0.02095635942469771	GSM955685
38	3	infant	female	False	0.015437825998283783	GSM955686
38	3	infant	female	False	0.08650916397829178	GSM955687
38	3	infant	female	False	0.009084987189645899	GSM955688
38	3	infant	female	False	0.05608188006846116	GSM955689
38	3	infant	female	False	0.016803104376395393	GSM955690
38	3	infant	female	False	0.006946809636453917	GSM955691
38	3	infant	female	False	0.009876943844925224	GSM955693
38	3	infant	female	False	0.01860004546147581	GSM955695
38	3	infant	female	False	0.01209142601538015	GSM955696
38	3	infant	female	False	0.009510058723202769	GSM955697
38	3	infant	female	False	0.011293765051673078	GSM955699
38	3	infant	female	False	0.01429174432987563	GSM955700
38	3	infant	female	False	0.015085541967868637	GSM955701
38	3	infant	female	False	0.0012479942622242318	GSM955702
38	3	infant	female	False	0.009651038613440738	GSM955703
38	3	infant	female	False	0.00817174246511185	GSM955704
38	3	infant	female	False	0.0048848179133064214	GSM955706
38	3	infant	female	False	0.001361935184448598	GSM955707
38	3	infant	female	False	0.0023572023068297015	GSM955708
38	3	infant	female	False	0.008801776767231642	GSM955709
38	3	infant	female	False	0.0031441893744748183	GSM955711
38	3	infant	female	False	0.018920967092971308	GSM955712
38	3	infant	female	False	0.0034806213641389375	GSM955715
38	3	infant	female	False	0.004150761287508859	GSM955716
38	3	infant	female	False	0.0065517262342459715	GSM955717
38	3	infant	female	False	0.005083592158292664	GSM955718
38	3	infant	female	False	0.008382023077668206	GSM955719
38	3	infant	female	False	0.004991144250188622	GSM955722
38	3	infant	female	False	0.0018955555345210669	GSM955723
38	3	infant	female	False	0.019273275656978967	GSM955724
38	3	infant	female	False	0.030926837024954676	GSM955726
38	3	infant	female	False	0.0024566245330658798	GSM955727
38	3	infant	female	False	0.004976268208495811	GSM955728
38	3	infant	female	False	0.0018248884755400602	GSM955729
38	3	infant	female	False	0.009820592686951093	GSM955734
38	3	infant	female	False	0.0022673003708211987	GSM955735
38	3	infant	female	False	0.005225885030812267	GSM955736
38	3	infant	female	False	0.0013492088641141957	GSM955737
38	3	infant	female	False	0.0015557028367674621	GSM955738
38	3	infant	female	False	0.0009185361695130807	GSM955739
38	3	infant	female	False	0.006761482760195199	GSM955740
38	3	infant	female	False	0.008594850476343148	GSM955741
38	3	infant	female	False	0.01066746879797415	GSM955742
38	3	infant	female	False	0.0040529123549205735	GSM955743
38	3	infant	female	False	0.009340077240311726	GSM955744
38	3	infant	female	False	0.005553873993715857	GSM955745
38	3	infant	female	False	0.009168477614852698	GSM955746
38	3	infant	female	False	0.10165258264467861	GSM955747
38	3	infant	female	False	0.06761535793005628	GSM955748
38	3	infant	female	False	0.07825491895067567	GSM955749
38	3	infant	female	False	0.02231626517195829	GSM955750
38	3	infant	female	False	0.006412868520440095	GSM955751
38	3	infant	female	False	0.01186494199596499	GSM955752
38	3	infant	female	False	0.03457616507408574	GSM955753
38	3	infant	female	False	0.017246503924602943	GSM955754
38	3	infant	female	False	0.06699252017961432	GSM955755
38	3	infant	female	False	0.053915154370269835	GSM955756
38	3	infant	female	False	0.05088392622452594	GSM955757
38	3	infant	female	False	0.009024900903169252	GSM955758
38	3	infant	female	False	0.017472693126433195	GSM955759
38	3	infant	female	False	0.0034098010979864064	GSM955760
38	3	infant	female	False	0.0033196934070520343	GSM955761
38	3	infant	female	False	0.005397382077789334	GSM955762
38	3	infant	female	False	0.002003135801301565	GSM955763
38	3	infant	female	False	0.009728670515346835	GSM955764
38	3	infant	female	False	0.10598696366633042	GSM955765
38	3	infant	female	False	0.03591172434598738	GSM955766
38	3	infant	female	False	0.004906489570325386	GSM955767
38	3	infant	female	False	0.056097430188489054	GSM955768
38	3	infant	female	False	0.02785023401134373	GSM955769
38	3	infant	female	False	0.01675743343424004	GSM955770
38	3	infant	female	False	0.014373841681576724	GSM955771
38	3	infant	female	False	0.023902421691741456	GSM955772
38	3	infant	female	False	0.0051251743701736146	GSM955773
38	3	infant	female	False	0.009894274859050424	GSM955774
38	3	infant	female	False	0.006094135844238797	GSM955775
38	3	infant	female	False	0.0008204097305453602	GSM955776
38	3	infant	female	False	0.012361041628824797	GSM955777
38	3	infant	female	False	0.019232882014296442	GSM955778
38	3	infant	female	False	0.03983838692897273	GSM955779
38	3	infant	female	False	0.05936997764446019	GSM955780
38	3	infant	female	False	0.04442428306439026	GSM955781
38	3	infant	female	False	0.015424882163460262	GSM955782
38	3	infant	female	False	0.008997336441887552	GSM955783
38	3	infant	female	False	0.00043179616267331945	GSM955784
38	3	infant	female	False	0.0005564057929292245	GSM955785
38	3	infant	female	False	0.004358689421532825	GSM955786
38	3	infant	female	False	0.004013132413179852	GSM955787
38	3	infant	female	False	0.005809028739625612	GSM955788
38	3	infant	female	False	0.012373131111319205	GSM955789
38	3	infant	female	False	0.008058925413283282	GSM955790
38	3	infant	female	False	0.00970700122466675	GSM955791
38	3	infant	female	False	0.022066066210459024	GSM955792
38	3	infant	female	False	0.009220843343126985	GSM955793
38	3	infant	female	False	0.021325661174940388	GSM955794
38	3	infant	female	False	0.01756118224306276	GSM955795
38	3	infant	female	False	0.01312059834735574	GSM955796
38	3	infant	female	False	0.009797888790229619	GSM955797
38	3	infant	female	False	0.018745436566762797	GSM955798
38	3	infant	female	False	0.00228682156977437	GSM955799
38	3	infant	female	False	0.01317713207004794	GSM955800
38	3	infant	female	False	0.03229498359211946	GSM955801
38	3	infant	female	False	0.01135161792894728	GSM955802
38	3	infant	female	False	0.018464929886329196	GSM955804
38	3	infant	female	False	0.015651617328130685	GSM955805
38	3	infant	female	False	0.0031006820609544203	GSM955806
38	3	infant	female	False	0.014703266223305252	GSM955807
38	3	infant	female	False	0.0024365481373671127	GSM955808
38	3	infant	female	False	0.0009995790015706488	GSM955809
38	3	infant	female	False	0.033076299927402575	GSM955810
38	3	infant	female	False	0.01222411892022304	GSM955811
38	3	infant	female	False	0.13848911523205076	GSM955812
38	3	infant	female	False	0.012683222911281421	GSM955813
38	3	infant	female	False	0.005181467261691609	GSM955814
38	3	infant	female	False	0.006050257505822155	GSM955815
38	3	infant	female	False	0.047512170900760244	GSM955816
38	3	infant	female	False	0.002366459911257866	GSM955817
38	3	infant	female	False	0.008719853583855014	GSM955818
38	3	infant	female	False	0.001413348262785453	GSM955819
38	3	infant	female	False	0.0009220671079236158	GSM955820
38	3	infant	female	False	0.000624011796933004	GSM955821
38	3	infant	female	False	0.0011585564619059816	GSM877695
38	3	infant	female	False	0.0011670881800121065	GSM877697
38	3	infant	female	False	0.0028518476389859312	GSM877700
38	3	infant	female	False	0.006636320059860513	GSM877707
38	3	infant	female	False	0.003512533794359905	GSM877708
38	3	infant	female	False	0.008898027205390542	GSM877711
38	3	infant	female	False	0.0015007716249606834	GSM877715
38	3	infant	female	False	0.009483292107264828	GSM877723
38	3	infant	female	False	0.012262139429363456	GSM877724
38	3	infant	female	False	0.008652594100056466	GSM877726
38	3	infant	female	False	0.0013150606316672975	GSM877727
38	3	infant	female	False	0.004642841660300866	GSM877732
38	3	infant	female	False	0.017735805763513496	GSM877736
38	3	infant	female	False	0.003797711579059574	GSM877742
38	3	infant	female	False	0.0007781034226416653	GSM877743
38	3	infant	female	False	0.01418059089307024	GSM877744
38	3	infant	female	False	0.004191907115339849	GSM877750
38	3	infant	female	False	4.182153625488792e-05	GSM571728
38	3	infant	female	False	1.8948089879878285e-05	GSM571735
38	3	infant	female	False	1.1281170415580062e-05	GSM571736
38	3	infant	female	False	1.1661327648065986e-05	GSM571738
38	3	infant	female	False	1.3802030179916386e-05	GSM571740
38	3	infant	female	False	1.6018757119851614e-05	GSM571741
38	3	infant	female	False	0.00013488482263742795	GSM571744
38	3	infant	female	False	1.0160894377564958e-05	GSM571746
38	3	infant	female	False	8.50720549708322e-06	GSM571747
38	3	infant	female	False	6.9869383169413455e-06	GSM571748
38	3	infant	female	False	1.1690831572765229e-05	GSM571749
38	3	infant	female	False	1.2717799836022807e-05	GSM571750
38	3	infant	female	False	3.0895051674981705e-05	GSM571751
38	3	infant	female	False	4.8857668924281394e-05	GSM571752
38	3	infant	female	False	1.797724091069531e-05	GSM571753
38	3	infant	female	False	1.4777013539938667e-05	GSM571754
38	3	infant	female	False	1.2394108965473741e-05	GSM571755
38	3	infant	female	False	1.2588970474525452e-05	GSM571756
38	3	infant	female	False	2.4562945431349128e-05	GSM571757
38	3	infant	female	False	8.108320902701182e-06	GSM571760
